저,1
여명,1
눈,2
금,1
지폐,3
점,1
추석,1
강,2
신고,1
’,6
지진,1
",1
%,1
력,1
),7
신바람,1
협력,1
흐름,1
트럭,2
매출,1
기,3
갱,1
지역,1
바리케이드,1
정보원,1
이미지,1
길,1
뭉치,1
토지,1
고초,1
아리사,1
자취,1
폭격,1
작업,2
금액,1
가치,1
불신,1
지금,1
화제,1
임진강,2
결과,1
하나,1
계획,1
다슬기,1
의원,1
머리,2
내용,1
출처,2
점검,1
행태,2
기사,2
영화,2
마을,2
열쇠,1
사람,1
지옥문,1
잠복기,1
행위,1
사업,1
것,1
명,2
이름,1
작전,1
과정,1
주점,1
판매점,1
나,1
바이러스,3
현금,5
편집장,2
수집,1
벼농사,1
수량,1
농사,3
승합차,1
총력,1
현찰,1
버스,1
쌕쌕,1
들판,1
반도,1
벼,3
삽,1
모두,1
고통,1
의무,1
기대,1
맹금류,1
산란,1
소식,1
브리핑,1
관계자,1
토크,1
고리,1
처치,1
노을,1
출신,1
목소리,2
들,16
조항,1
거액,1
어부들,2
활동,1
등,4
한계,1
마리,1
곳,1
방역,1
의문,1
노동권,2
채용,2
아버지,3
현황,1
쌀,2
대,1
팀,4
겨울,1
대접,1
고속도로,2
여야,1
콘텐츠,1
하구,1
댐,2
판,1
근로자,1
추측,1
마녀사냥,1
석회,1
주검,1
통제,2
역전승,1
대금,1
판정,2
다니엘 린데만,1
현상,2
씨,1
고객,1
손상,1
공동체,1
성,4
기자회견,1
취급,2
조작,1
돈다발,1
기한,1
멧돼지,4
물,1
수수료,1
숭어,1
요구,1
여진,1
고기,3
땅,2
열병,9
조직,1
어종,1
장치,2
조업,2
참게,1
소액,1
돼지,1
적응도,1
불평,1
물고기,1
한,1
원형,1
건물,2
요소,1
사용,3
도움,1
시사평론가,1
치료,1
사업주,1
의지,1
출입,1
고비,1
비율,3
이,2
기자,1
노,2
장애인,1
법률,1
논,1
일,3
환경,1
변화,1
금메달,1
차별,1
불,1
한겨레,1
물류,1
소,1
권,4
소송,1
사체,2
낚시,1
압록강,1
징후,1
탄현면,1
남성,1
감독,3
농토,2
대결,1
영양,1
이야기,2
농장,1
평화,4
경계,1
대부분,1
통,1
통계,1
황복,2
국군,1
진실,4
는지,1
공간,1
뒷이야기,2
시대,1
정서,1
장사,1
공방,1
따위,1
한통,1
지출,1
돈,1
케냐,1
농업,1
남북,2
시설,1
상황,5
집,4
관계,1
통신,1
강물,1
영향,1
바깥출입,1
정국,1
중심,1
폐허,1
맥,1
시스템,1
고생,1
잡이,1
북한,1
파란,1
바람,1
슬픔,1
성과,1
문제,5
순번,1
공포감,1
자동차,1
갈등,2
